DEN_UTS,details.stars,cov,total,cov_rate
Potenza,4,10,21,47.61904761904761
Avellino,3,9,42,21.428571428571427
Frosinone,4,12,31,38.70967741935484
Frosinone,3,25,151,16.55629139072848
Agrigento,3,3,40,7.5
Pordenone,2,4,17,23.52941176470588
Pordenone,3,29,56,51.78571428571429
Pordenone,4,9,16,56.25
Oristano,1,1,2,50
Oristano,4,4,15,26.666666666666668
Sud Sardegna,3,11,35,31.428571428571427
Sud Sardegna,2,2,6,33.33333333333333
Bergamo,3,45,133,33.83458646616541
Bergamo,4,43,49,87.75510204081633
Milano,4,125,241,51.867219917012456
Bergamo,2,6,31,19.35483870967742
Ancona,2,5,34,14.705882352941178
Grosseto,2,1,46,2.1739130434782608
Grosseto,4,1,39,2.564102564102564
Grosseto,3,2,101,1.9801980198019802
Varese,3,41,58,70.6896551724138
Varese,4,42,47,89.36170212765957
Varese,2,3,15,20
Trento,4,41,236,17.372881355932204
Trento,3,121,796,15.201005025125628
Trento,1,5,106,4.716981132075472
Trento,2,26,186,13.978494623655912
Trento,5,3,9,33.33333333333333
La Spezia,3,24,92,26.08695652173913
La Spezia,4,8,16,50
Massa Carrara,3,5,60,8.333333333333332
La Spezia,2,6,57,10.526315789473683
La Spezia,1,3,21,14.285714285714285
Sassari,3,7,188,3.723404255319149
Roma,2,6,294,2.0408163265306123
Roma,3,26,604,4.304635761589404
Roma,4,19,439,4.328018223234624
Sondrio,2,15,79,18.9873417721519
Sondrio,3,38,202,18.81188118811881
Bergamo,5,1,1,100
Pavia,4,11,12,91.66666666666666
Milano,3,115,202,56.930693069306926
Milano,2,39,82,47.5609756097561
Milano,1,29,78,37.17948717948718
Monza e della Brianza,3,15,20,75
Monza e della Brianza,4,15,18,83.33333333333334
Milano,5,4,31,12.903225806451612
Arezzo,2,1,19,5.263157894736842
Arezzo,3,13,69,18.84057971014493
Arezzo,4,14,33,42.42424242424242
Arezzo,1,1,10,10
Como,3,48,80,60
Como,1,3,26,11.538461538461538
Como,5,5,5,100
Ferrara,3,2,43,4.651162790697675
Bologna,4,75,76,98.68421052631578
Cuneo,3,40,138,28.985507246376812
Cuneo,5,5,6,83.33333333333334
Chieti,2,3,16,18.75
Chieti,3,8,86,9.30232558139535
Avellino,4,8,15,53.333333333333336
Avellino,2,2,12,16.666666666666664
Rovigo,3,5,35,14.285714285714285
Chieti,4,2,24,8.333333333333332
Benevento,3,6,22,27.27272727272727
Caserta,3,12,51,23.52941176470588
Benevento,4,4,11,36.36363636363637
Napoli,4,125,333,37.53753753753754
Asti,3,11,34,32.35294117647059
Torino,4,47,80,58.75
Torino,3,115,252,45.63492063492063
Torino,5,4,6,66.66666666666666
Verbano-Cusio-Ossola,3,16,111,14.414414414414415
Verbano-Cusio-Ossola,4,2,23,8.695652173913043
Verbano-Cusio-Ossola,2,2,30,6.666666666666667
Verbano-Cusio-Ossola,1,1,25,4
Novara,3,23,42,54.761904761904766
Novara,4,14,26,53.84615384615385
Novara,2,3,15,20
Novara,5,1,3,33.33333333333333
Aosta,2,8,84,9.523809523809524
Aosta,3,31,189,16.402116402116402
Aosta,4,5,64,7.8125
Savona,1,1,36,2.7777777777777777
Savona,3,10,168,5.952380952380952
Savona,2,11,156,7.051282051282051
Vercelli,3,8,25,32
Benevento,1,1,4,25
Padova,3,43,106,40.56603773584906
Padova,4,43,72,59.72222222222222
Padova,2,8,23,34.78260869565217
Padova,5,10,12,83.33333333333334
Rovigo,4,2,7,28.57142857142857
Padova,1,2,14,14.285714285714285
Venezia,3,15,621,2.4154589371980677
Vicenza,3,48,94,51.06382978723404
Teramo,3,11,156,7.051282051282051
Udine,2,9,76,11.842105263157894
Udine,3,16,231,6.926406926406926
Aosta,5,1,12,8.333333333333332
Sassari,4,3,167,1.7964071856287425
Nuoro,3,5,89,5.617977528089887
Napoli,3,152,403,37.71712158808933
Napoli,2,15,86,17.441860465116278
Caserta,2,1,15,6.666666666666667
Napoli,1,9,54,16.666666666666664
Napoli,5,5,47,10.638297872340425
Ascoli Piceno,2,1,28,3.571428571428571
Ascoli Piceno,3,3,87,3.4482758620689653
Ascoli Piceno,4,5,24,20.833333333333336
Vicenza,2,14,66,21.21212121212121
Vicenza,4,29,42,69.04761904761905
Vicenza,1,2,31,6.451612903225806
Vercelli,2,3,6,50
Vercelli,4,3,6,50
Treviso,3,23,71,32.3943661971831
Treviso,1,1,8,12.5
Treviso,5,2,5,40
Treviso,2,8,29,27.586206896551722
Treviso,4,15,42,35.714285714285715
Perugia,2,13,78,16.666666666666664
Perugia,3,30,178,16.853932584269664
Perugia,4,14,65,21.53846153846154
Perugia,1,2,20,10
Perugia,5,1,7,14.285714285714285
Lecco,2,2,9,22.22222222222222
Lecco,3,21,36,58.333333333333336
Lecco,4,4,9,44.44444444444444
Como,4,29,38,76.31578947368422
Como,2,4,38,10.526315789473683
Lecco,5,2,3,66.66666666666666
Asti,2,1,2,50
Asti,4,4,13,30.76923076923077
Asti,5,1,3,33.33333333333333
L'Aquila,3,17,139,12.23021582733813
L'Aquila,4,5,39,12.82051282051282
Salerno,4,38,158,24.050632911392405
Salerno,3,26,251,10.358565737051793
Terni,3,9,41,21.951219512195124
Terni,2,1,15,6.666666666666667
Siracusa,3,10,54,18.51851851851852
Siracusa,4,7,49,14.285714285714285
Frosinone,2,1,40,2.5
Latina,2,1,56,1.7857142857142856
Latina,4,1,38,2.631578947368421
Genova,4,9,51,17.647058823529413
Genova,3,6,106,5.660377358490567
Genova,2,3,90,3.3333333333333335
Genova,5,5,15,33.33333333333333
Genova,1,4,54,7.4074074074074066
Caserta,4,9,34,26.47058823529412
Taranto,3,1,32,3.125
Potenza,3,13,74,17.56756756756757
Verona,2,19,186,10.21505376344086
Bergamo,1,1,26,3.8461538461538463
Brescia,4,28,139,20.14388489208633
Brescia,3,59,318,18.553459119496853
Imperia,1,2,32,6.25
Imperia,4,1,21,4.761904761904762
Imperia,2,2,45,4.444444444444445
Imperia,3,18,109,16.51376146788991
Piacenza,3,4,37,10.81081081081081
Lodi,4,3,4,75
Palermo,3,10,55,18.181818181818183
Palermo,4,4,76,5.263157894736842
Reggio di Calabria,4,4,39,10.256410256410255
Reggio di Calabria,3,4,38,10.526315789473683
Lucca,3,35,230,15.217391304347828
Forli'-Cesena,4,7,40,17.5
Forli'-Cesena,3,8,338,2.366863905325444
Forli'-Cesena,1,1,30,3.3333333333333335
Forli'-Cesena,2,1,68,1.4705882352941175
Isernia,4,2,6,33.33333333333333
Campobasso,3,3,20,15
Campobasso,4,5,13,38.46153846153847
Cremona,3,3,20,15
Cremona,4,5,15,33.33333333333333
Brescia,2,11,118,9.322033898305085
Cuneo,4,23,42,54.761904761904766
Torino,1,4,46,8.695652173913043
Torino,2,14,74,18.91891891891892
Vercelli,1,1,11,9.090909090909092
Biella,4,7,6,116.66666666666667
Oristano,3,4,44,9.090909090909092
Viterbo,3,4,60,6.666666666666667
Cuneo,2,2,54,3.7037037037037033
Brescia,1,1,63,1.5873015873015872
Firenze,3,23,201,11.442786069651742
Firenze,2,4,74,5.405405405405405
Firenze,4,24,148,16.216216216216218
Pavia,1,1,12,8.333333333333332
Pavia,3,16,33,48.484848484848484
Belluno,2,1,83,1.2048192771084338
Verona,3,54,358,15.083798882681565
Verona,4,35,147,23.809523809523807
Verona,1,4,68,5.88235294117647
Verona,5,2,11,18.181818181818183
Sud Sardegna,4,1,30,3.3333333333333335
Lucca,4,9,69,13.043478260869565
Bari,2,3,14,21.428571428571427
Bari,3,16,63,25.396825396825395
Bari,4,24,82,29.268292682926827
Bari,5,2,13,15.384615384615385
Bologna,3,50,120,41.66666666666667
Monza e della Brianza,2,2,8,25
Barletta-Andria-Trani,3,4,16,25
Barletta-Andria-Trani,4,6,21,28.57142857142857
Lodi,3,2,12,16.666666666666664
Teramo,4,3,31,9.67741935483871
Messina,4,14,128,10.9375
Messina,3,8,137,5.839416058394161
Messina,1,2,27,7.4074074074074066
Messina,2,7,38,18.421052631578945
Viterbo,4,8,27,29.629629629629626
Viterbo,2,1,18,5.555555555555555
Alessandria,1,1,21,4.761904761904762
Cuneo,1,2,30,6.666666666666667
Modena,3,6,102,5.88235294117647
Modena,4,5,29,17.24137931034483
Brescia,5,5,16,31.25
Parma,3,5,86,5.813953488372093
Macerata,3,4,58,6.896551724137931
Macerata,4,3,16,18.75
Lecco,1,1,7,14.285714285714285
Teramo,2,1,37,2.7027027027027026
Rieti,4,1,10,10
Fermo,4,1,9,11.11111111111111
Cosenza,3,9,114,7.894736842105263
Catanzaro,5,1,3,33.33333333333333
Ancona,3,15,121,12.396694214876034
Ancona,4,12,35,34.285714285714285
Biella,2,1,3,33.33333333333333
Biella,3,3,13,23.076923076923077
Sondrio,4,22,56,39.285714285714285
Alessandria,3,18,50,36
Savona,4,5,34,14.705882352941178
Matera,3,3,36,8.333333333333332
Udine,4,1,73,1.36986301369863
Alessandria,4,12,27,44.44444444444444
Catania,3,17,63,26.984126984126984
Catania,4,14,43,32.55813953488372
Catanzaro,3,7,44,15.909090909090908
Catanzaro,4,5,38,13.157894736842104
Sondrio,1,1,35,2.857142857142857
Reggio nell'Emilia,4,10,16,62.5
Reggio nell'Emilia,3,16,68,23.52941176470588
Reggio nell'Emilia,2,6,14,42.857142857142854
Parma,4,1,25,4
Livorno,3,9,166,5.421686746987952
Pisa,4,5,30,16.666666666666664
Livorno,2,3,60,5
Biella,1,1,3,33.33333333333333
Palermo,1,2,15,13.333333333333334
L'Aquila,2,4,36,11.11111111111111
L'Aquila,1,1,21,4.761904761904762
Massa Carrara,2,1,26,3.8461538461538463
Bologna,1,5,23,21.73913043478261
Bologna,2,6,44,13.636363636363635
Bologna,5,1,1,100
Macerata,2,2,14,14.285714285714285
Viterbo,5,1,1,100
Terni,5,1,2,50
Ferrara,4,1,13,7.6923076923076925
Ferrara,2,1,12,8.333333333333332
Cosenza,4,5,92,5.434782608695652
Mantova,3,15,35,42.857142857142854
Mantova,2,3,17,17.647058823529413
Rimini,4,3,163,1.8404907975460123
Rimini,3,1,1219,0.08203445447087777
Catanzaro,1,1,6,16.666666666666664
Bolzano,5,3,62,4.838709677419355
Ravenna,4,2,68,2.941176470588235
Ravenna,3,4,337,1.1869436201780417
Belluno,1,2,39,5.128205128205128
Belluno,3,13,202,6.435643564356436
Rieti,3,1,27,3.7037037037037033
Mantova,4,8,11,72.72727272727273
Sondrio,5,1,2,50
Crotone,3,5,23,21.73913043478261
Lecce,3,5,129,3.875968992248062
Lecce,4,5,142,3.5211267605633805
Cremona,2,1,4,25
Pavia,2,1,20,5
Vibo Valentia,3,6,44,13.636363636363635
Vibo Valentia,4,4,47,8.51063829787234
Brindisi,3,9,33,27.27272727272727
Brindisi,4,10,51,19.607843137254903
Potenza,2,1,26,3.8461538461538463
Potenza,5,1,3,33.33333333333333
Pescara,3,1,52,1.9230769230769231
Pistoia,1,1,10,10
Pistoia,3,24,105,22.857142857142858
Pistoia,4,8,37,21.62162162162162
Pistoia,5,7,5,140
Trapani,3,7,105,6.666666666666667
Trapani,4,3,43,6.976744186046512
Pisa,3,5,74,6.756756756756757
Piacenza,4,3,10,30
Piacenza,2,1,12,8.333333333333332
Piacenza,1,1,16,6.25
Venezia,4,3,284,1.056338028169014
Foggia,4,7,71,9.859154929577464
Foggia,3,13,142,9.15492957746479
Foggia,2,2,34,5.88235294117647
Catania,1,1,11,9.090909090909092
Messina,5,3,16,18.75
Prato,3,7,11,63.63636363636363
Prato,4,10,9,111.11111111111111
Prato,2,1,6,16.666666666666664
Firenze,1,1,47,2.127659574468085
Caltanissetta,3,1,10,10
Caltanissetta,4,1,6,16.666666666666664
Lucca,2,6,68,8.823529411764707
Lucca,1,3,22,13.636363636363635
Lucca,5,2,10,20
Ancona,5,1,NA,NA
Bolzano,3,13,1465,0.8873720136518772
Bolzano,4,10,557,1.7953321364452424
Gorizia,4,3,22,13.636363636363635
Gorizia,3,1,67,1.4925373134328357
Venezia,2,1,126,0.7936507936507936
Venezia,5,1,42,2.380952380952381
Imperia,5,1,3,33.33333333333333
